{
    "diabetes": {
        "accuracy": 71.42857142857143,
        "precision": 60.86956521739131,
        "recall": 51.85185185185185,
        "f1": 56.00000000000001,
        "samples": 768,
        "test_samples": 154
    },
    "cvd": {
        "accuracy": 80.32786885245902,
        "precision": 76.92307692307693,
        "recall": 90.9090909090909,
        "f1": 83.33333333333334,
        "samples": 303,
        "test_samples": 61
    },
    "cancer": {
        "accuracy": 96.49122807017544,
        "precision": 97.5,
        "recall": 92.85714285714286,
        "f1": 95.1219512195122,
        "samples": 569,
        "test_samples": 114
    },
    "pneumonia": {
        "accuracy": 100.0,
        "precision": 100.0,
        "recall": 100.0,
        "f1": 100.0,
        "samples": 1500,
        "test_samples": 300
    }
}