{
  "modelWeights": {
    "coef": [
      [
        0.34548414713899506,
        0.4927896367541674,
        0.3387832808549015,
        0.4293131955453852,
        0.3402332613377107,
        -0.45532781432904673,
        0.7781714668098365,
        0.9458710238081672,
        -0.17627076114226306,
        -0.0742178407353762,
        1.2078109472829002,
        -0.40868183876423336,
        0.713645470920751,
        0.9148377060345398,
        0.2515610682409512,
        -0.9063132768733443,
        -0.10707961585293385,
        0.4755708384411964,
        -0.3407830604784335,
        -0.5911008636521515,
        0.8797424990780188,
        1.4426094660535043,
        0.7079247260073285,
        0.8948273268082889,
        0.42283349335946707,
        -0.182730506170386,
        0.90880189592785,
        0.7007552049228718,
        1.0608060889718303,
        0.04631875825361447
      ]
    ],
    "intercept": [
      -0.44114097112200645
    ],
    "feature_names": []
  },
  "accuracy": 0.9649122807017544,
  "loss": 0.07694184874466437,
  "samplesTrained": 455,
  "trainingTime": 0.0059661865234375,
  "metrics": {
    "samples": 455,
    "test_samples": 114,
    "precision": 0.975,
    "recall": 0.9285714285714286,
    "f1": 0.9512195121951219,
    "confusion_matrix": [
      [
        71,
        1
      ],
      [
        3,
        39
      ]
    ],
    "iterations": 20,
    "modelType": "logistic_regression",
    "dataSource": "kaggle",
    "totalAvailable": 569
  },
  "dataSource": "kaggle"
}