{
  "modelWeights": {
    "coef": [
      [
        0.015949076623056998,
        -0.7106678699943191,
        0.957942689016526,
        -0.20611557670631658,
        -0.4921609383636199,
        -0.06427661619482072,
        0.23356857496412453,
        0.5581916348388517,
        -0.4723091087435694,
        -0.5755316521133887,
        0.3053259080495445,
        -0.5490255902090939,
        -0.6281909744946971
      ]
    ],
    "intercept": [
      0.17502806689222744
    ],
    "feature_names": []
  },
  "accuracy": 0.8032786885245902,
  "loss": 0.4369708552719292,
  "samplesTrained": 242,
  "trainingTime": 0.004685640335083008,
  "metrics": {
    "samples": 242,
    "test_samples": 61,
    "precision": 0.7692307692307693,
    "recall": 0.9090909090909091,
    "f1": 0.8333333333333334,
    "confusion_matrix": [
      [
        19,
        9
      ],
      [
        3,
        30
      ]
    ],
    "iterations": 9,
    "modelType": "logistic_regression",
    "dataSource": "kaggle",
    "totalAvailable": 303
  },
  "dataSource": "kaggle"
}